id	Prefeed_HiCHO_mean	T1_LoCHO_PROT_mean	theta	prob	log2FC	P	level_1	level_2	level_3	ko_name	color	sig	label_hjust	label_nudge
K04072	983.845971295201	4391.292838793	-2.11437483351956	0.995333463914992	-2.15814137229901	0.00466653608500778	09100 Metabolism	09111 Xenobiotics biodegradation and metabolism	00626 Naphthalene degradation [PATH:ko00626]	adhE; acetaldehyde dehydrogenase / alcohol dehydrogenase [EC:1.2.1.10 1.1.1.1]	blue	sig	0	0.05
K00121	17.0696677808539	41.5165870922687	-0.829922241548377	0.789210655377591	-1.2822528704251	0.210789344622409	09100 Metabolism	09111 Xenobiotics biodegradation and metabolism	00626 Naphthalene degradation [PATH:ko00626]	frmA, ADH5, adhC; S-(hydroxymethyl)glutathione dehydrogenase / alcohol dehydrogenase [EC:1.1.1.284 1.1.1.1]	lightblue	notsig	0	0.05
K13953	95.5303610412315	166.292109431429	-0.706775301034356	0.737122641902908	-0.799688492139344	0.262877358097092	09100 Metabolism	09111 Xenobiotics biodegradation and metabolism	00626 Naphthalene degradation [PATH:ko00626]	adhP; alcohol dehydrogenase, propanol-preferring [EC:1.1.1.1]	lightblue	notsig	0	0.05
K13954	89.5610096942514	98.2750248312804	-0.155403565495853	0.202855257345944	-0.133954030217943	0.797144742654056	09100 Metabolism	09111 Xenobiotics biodegradation and metabolism	00626 Naphthalene degradation [PATH:ko00626]	yiaY; alcohol dehydrogenase [EC:1.1.1.1]	lightblue	notsig	0	0.05
K00001	1.99017279203854	0.652558065361901	0.855306984354641	0.815263383640005	1.60871550962727	0.184736616359995	09100 Metabolism	09111 Xenobiotics biodegradation and metabolism	00626 Naphthalene degradation [PATH:ko00626]	E1.1.1.1, adh; alcohol dehydrogenase [EC:1.1.1.1]	pink	notsig	1	-0.05
