id	Prefeed_HiCHO_mean	T1_LoCHO_PROT_mean	theta	prob	log2FC	P	level_1	level_2	level_3	ko_name	color	sig	label_hjust	label_nudge
K00121	17.0696677808539	41.5165870922687	-0.829922241548377	0.789210655377591	-1.2822528704251	0.210789344622409	09100 Metabolism	09111 Xenobiotics biodegradation and metabolism	00982 Drug metabolism - cytochrome P450 [PATH:ko00982]	frmA, ADH5, adhC; S-(hydroxymethyl)glutathione dehydrogenase / alcohol dehydrogenase [EC:1.1.1.284 1.1.1.1]	lightblue	notsig	0	0.05
K13953	95.5303610412315	166.292109431429	-0.706775301034356	0.737122641902908	-0.799688492139344	0.262877358097092	09100 Metabolism	09111 Xenobiotics biodegradation and metabolism	00982 Drug metabolism - cytochrome P450 [PATH:ko00982]	adhP; alcohol dehydrogenase, propanol-preferring [EC:1.1.1.1]	lightblue	notsig	0	0.05
K00799	0.537945222977711	0.707863158539923	-0.254474807383674	0.219489085113305	-0.396011215022422	0.780510914886695	09100 Metabolism	09111 Xenobiotics biodegradation and metabolism	00982 Drug metabolism - cytochrome P450 [PATH:ko00982]	GST, gst; glutathione S-transferase [EC:2.5.1.18]	lightblue	notsig	0	0.05
K00129	0.615043284970288	0.694638334977089	-0.109961599630393	0.254009985992202	-0.175574084133	0.745990014007798	09100 Metabolism	09111 Xenobiotics biodegradation and metabolism	00982 Drug metabolism - cytochrome P450 [PATH:ko00982]	ALDH3; aldehyde dehydrogenase (NAD(P)+) [EC:1.2.1.5]	lightblue	notsig	0	0.05
K00274	0.500176609913519	0.512092706075088	-0.0283042002014962	0.18897706085929	-0.0339674169936477	0.81102293914071	09100 Metabolism	09111 Xenobiotics biodegradation and metabolism	00982 Drug metabolism - cytochrome P450 [PATH:ko00982]	MAO, aofH; monoamine oxidase [EC:1.4.3.4]	lightblue	notsig	0	0.05
K00001	1.99017279203854	0.652558065361901	0.855306984354641	0.815263383640005	1.60871550962727	0.184736616359995	09100 Metabolism	09111 Xenobiotics biodegradation and metabolism	00982 Drug metabolism - cytochrome P450 [PATH:ko00982]	E1.1.1.1, adh; alcohol dehydrogenase [EC:1.1.1.1]	pink	notsig	1	-0.05
